6d87be9212a1a0e92e58e1ed94c589f9,
4f7adc32ec67c1a55853ef828fe58707,
6e710f6f02fdde1e4adf06935a296fd8,
7b81ea543bb57d2b6db1610d8b424e95,
92e34e16ea05360adab1e66521b989c4,
4d30612a928faf7643b14bd85d8433cc,
fdc66cdabd46bc3b26aba4e59943726b,
bec9b3480934ce3d30c25e1272f60d02,
9efbb5cf8f05c8bf4eb07e20586e0f97,
7ce3a6270ccacd98b764213838a13edb,
66ec4dfddf8ca0e5d30a73bf2931d740,
219bd69677c86db257153f2336373c92,
6f76505a91c91c29238f0ed70b369417,
886857aa35a419bc14496e33933a2766,
116ba343f4b9692ffb665de3b6e15787,
7ff880c23c755a3c0ecc0493c939f4cb,
1b33c1f232b2ed68ac108519caa2d35f,
4fae17774212170ed698e49daff9595d,
d7e28b8266e34b6223b0bdacb74d5cb1,
313524bb2f7ab77db89cc409bbbfed41,
e096d3030cb8e087e448cd14930e2afa,
af6507e03e032294822e4157134c9909,
d90d0f4d6dad402b5d025987030cc87c,
0b6ef1e650df35e2d04c56ebfcceabc7,
a854c960cde68d43fd42a24e79587b28,
d71e1a6ee83221f1ac7ed870bc272f01,
6fb483e7ec55f8c56849d8f4f31bfd7b,
e06e06752509f9cd8bc85aa1aa24dba2,
79fea7f741760ea21ff655137af05bd0,
c805649d6909bf1d7e220f144801044b,
843001980e5073c7f0ea8b56873246b8,
d3cafcd46dea26c39dec17ca132e5138,
5e11432c30783b184dc2bf27aa1728b4,
31f8eedc2d82f69ccc726e012416ce33,
e09183041930f37a38d0a776a63aa673,
f659d1d15d2e0f3bd87379f8e88c6b42,
5d5c99a08a7d927346ca2dafa7973fc1,
ba45247858c0739865a52996768b7485,
db600240aecf9c6d75c733de57f252bf,
14c8482f302b5e81e3fa1b18a509289d,
56af47c87029b9fba5fe7c81e99cedca,
ee47d6ae8414f6c6ca28a3b76bf75e44,
6f93fd91f17130aabd5251e7bae3eeaa,
7cf07d124508734129cfa1cc7b559421,
97de56e1708e4f34d65663d127fb8857,
27c69aa39024d21ea109cc9c9d944a04,
0e5a42920c94f4caa36cc0764bdbfc3d,
8b675db417cc8b23f4c43f3de5c83438,
ed075c4718fd98efcbc845db00677065,
5cc42c3d67099d361c1c37750ae5ff04,
9604ae54dcb56625ebef01ecd1d3d9c8,
288166952f934146be172f6353e9a1f5,
e98f4f3505f05bf90e17554fbc97bba9,
1b4eb327a40a14ac4afa627125b63056,
55025e1d6a6198202048aeef1d7ea79d,
e37ed649a3777bff725e4a0074a9c8e3,
bcd74a3332fe6f57cf2c313a49b20c97,
f6b3a73c8c87506acda430671360ce15,
ee4886f7b0e87edc6dd727ddfb012eb8,
a5aae214006bf6eeab3cdf70b087e0ec,
68cf2070d8fb4963211cfa4f2daa72e5,
11746ae92be83ba28b05272fe03780d6,
8d3e29bd96352a306022393e94a7270b,
287d612e29b71c90aa54947313810a25,
fd695898fe6a205ccc86d920d8ec6a9b,
8f7205aaf80ce4b5d0ee8f00369f301a,
d1c9c12e08c8e2111da989e2318b1c42,
7b1cf5fc0bfb1021fe0e14e518c32026,
58682ca2a49ed4bfb8d5aaf76cf0fade,
6f0b92488eae3ccefc0db7a6b0d652ee,
a4331ff805b0a8f2a2892777c224b65e,
58c8c8c3038a5fbca2202248a1101da0,
0a50081a6cd37aea0945c91de91c5d97,
7802d6315bf0d45f27bd97fb48e70f8e,
625dd9048e3289f19670896cf5bca7d8,
0ec4d0a477ba21bda9a96d8f360a6848,
04c51909fc65304d907b7cb6c92572cd,
04dece2662f648f619d9c0377a7ba7c0,
28ce8dbdd2b7dfd123cebbfff263882c,
648effa354b3cbaad87b45f48d59c616,
1b3d7e64c6f486aa985e8db7ac5758ee,
3f57fe4b6df2faff5d96cb168df77832,
973ecc4cca5b8f3bad208963d12d224f,
e7d0399576da6b7175f50f3a2a3fc80a,
38cfbf7a735ea8ebb83d72da34f1ca6c,
fb88f4d22f14ca09ddeeca5d312f4d9f,
de72f77d3020142341fc4220a2e3d392,
2615ebcd4c82d8822ce0b58725938cc6,
d20478a01344026a0ecd60b0b29e9bc1,
23b317600f4d82ea58c6b39b6eb5a67c,
7253637a098e7532216e59e8d82c0858,
083a7886ffd1a916a3991ec80c5e056b,
259867ec1a01713f644689c3582f9110,
395f2bf24e7f874a1c59e97a7e9aba36,
40e3b969906c1a3315e821a8461216bb,
ceb9a55eaa71101f86b14c6b296066c9
f6e51ea341570c6e9e4c97aee082822b
c717c47941c150f867ce6a62ed0d2d35
1718956642fbd382e9cde0c6034f0e21
3dfbe75871e218d08328a01c56e1bb42
648effa354b3cbaad87b45f48d59c616
cf2ce888781958e929be430de173a0f8
1348a00488a5b3097681b6463321d84c
d9f82dbf8733f15f97fb352467c9ab21
ff171712ab8816f3d7600fe75bb18052
96364eef5116a5825e16b1c28eecb6b5
a45599d81cbf25b7bf0968d49c9ced68
a4f9761b5f9d8804ef4315c5ecec64f6
6f3d7c01c25decca73f8e7c7d998ff4a
1db40b7e18cf228169d2f5d73bf27ef7
c1dd3d5a3528bf56632200d247ca9774
00d7f155f1a9b29be2c872c6cad40026
ebc98d9c96065c8f1c0f4ce445bf507b
9344afc63753cd5e2ee0ff9aed43dc56
bb266486ee8ac70c0687989e02cefa14
46e03f21a95afa321b88e44e7e399ec3
c6901bc6720e1e30c6c2e89aae874a90
5c87b653db4cc731651526f9f0d52dbb
e72d18b78362e068d0f3afa040df6a4c
1d775c3ea0ab7962346b3787e7306864
c7271b91d190a730864cd149414e8c43
5e11432c30783b184dc2bf27aa1728b4
5d54898b71298cd01ca57c7c863f8343
528a4d8b8e2f03320cae11425e9a4c03
4d50a1df28610ffdb925d4a5b7bc6c0a
f5271f6b20fda39c213fd9579ad7e1fb
c01383125df1ecbc5bb85249a57e764c
e6a6ca7b1aeed5f4cc1e43fd6384230e
6d275af23910c5a31b2d9684bbb9c6f3
40e3b969906c1a3315e821a8461216bb
ccef46c7edf9131ccffc47bd69eb743b
0336d521fce938c2ff9993cdfb181bcb
095a1678021b034903c85dd5acb447ad
0a03c874495ef4ee757085e395026b46
0a1b45efa89b0dc27ccd8610b6202916
0a39386fc9976c866edbae18529e3e51
14c8482f302b5e81e3fa1b18a509289d
175000802098974b1949626db8ee0005
1cf3ff8141a065e2e9e312102a462804
20ed76a79bbdf370baca53eee47c1ee0
20ee11f37e0977be06082c75795baf90
231b3385ac17e41c5bb1b1fcb59599c4
36f5344dbca7962a9c7d17040bc7aa90
38db59ec01e0defb14773af0d6a4437f
3d00076c999de471d8e966e6465d9474
3f4a16b29f2f0532b7ce3e7656799125
4237d7bf3fcfe99a4ef192fb19dedb5f
453a5b417cdb4cabd16fb4a2ca446bde
491426b9c10d17708ffac9acbe761d27
4fc25c15ec17895569bcd9808efc8fa6
5763530f25ed0ec08fb26a30c04009f1
5aba4f68dcb7107f921d12410b62b538
5d5c99a08a7d927346ca2dafa7973fc1
61b25d11392172e587d8da3045812a66c3385451
65365420a3bb5d943ecd6668dd5dbfef
6dfa54c8c70ce8bf468aca77967f8c20
741232f1e25b0a0e4f3ebe0b8c22d1b4
7c3564cd166822be4932986cb8158409
7fefce7f2e4088ce396fd146a7951871
80fc39eb164eccd7dc23e5f5deeb9eba
81b18e8af6b429a692cc672338fc50a9
81f28082110684818ba63f86522af13a
84ba0197920fd3e2b7dfa719fee09d2f
8842acb150e1625ff20a84190073ece6
8d1ce6280d2f66ff3e4fe1644bf24247
912342f1c840a42f6b74132f8a7c4ffe7d40fb77
91c27abec8fda1410e2fae396f592e93
a952e288a1ead66490b3275a807f52e5
b3370eb3c5ef6c536195b3bea0120929
b4091a2850264f85990ee99d027dafde
bb1c8ad9f422a39ce6329e93dc060438
c7810b25c8edd6269c92af482560e600
c8ff058db87f443c0b85a286a5d4029e
cb84c6b5816504c993c33360aeec4705
d38cc4879fe0bc66cb8e772b28fbfd15
d5d2c4ac6c724cd63b69ca054713e278
d9ca10667cbffcbf1caa8b9020a93cfd
db8cc8adc726c3567b639c84ecf41aa5
dddd77f42bfb365f36762ad4db4a741e
e3eb6e9bc8321adb844e30606ed275a4
e61518ae9454a563b8f842286bbdb87b
eb845b7a16ed82bd248e395d9852f467
f49c0774f1ec84f33db771801eea1edf
fc4c887b1d6684c3dda256c4eec3ba70
