"006fc6623fbb961084243cfc327c885f3c57f2eba8ee05fbc4e93e5358778c85,"
"bf4f41403280c1b115650d470f9b260a5c9042c04d9bcc2a6ca504a66379b2d6,"
"58e9f72081efff9bdaabd82e3b3efe5b1b9f1666cefe28f429ad7176a6d770ae,"
"dbf88c623cc2ad99d82fa4c575fb105e2083465a47b84d64e2e1a63e183c274e,"
"ed285ad5ac6a8cf13461d6c2874fdcd3bf67002844831f66e21c2d0adda43fa4,"
"7d86841489afd1097576a649094ae1efb79b3147cd162ba019861dfad4e9573b,"
"a38ddff1e797adb39a08876932bc2538d771ff7db23885fb883fec526aff4fc8,"
"473f15c04122dad810c919b2f3484d46560fd2dd4573f6695d387195816b02a6,"
"4bfb0d5022dc499908da4597f3e19f9f64d3cc98ce756a2249c72179d3d75c47,"
"dcde6033b205433d6e9855c93740f798951fa3a3f252035a768d9f356fde806d,"
"b3fae4f84d4303cdbad4696554b4e8d2381ad3faf6e0c3c8d2ce60a4388caa02,"
"db3906edad6009d1886ec1e2a198249b6d99820a3575f8ec80c6ce57f08d521a,"
"85338f694c844c8b66d8a1b981bcf38627f95579209b2662182a009d849e1a4c,"
"a00a54e3fb8cb83fab38f8714f240ecc13ab9c492584aa571aec5fc71b48732d,"
"ec411a34fee49692f196e4dc0a905b25d0667825904862fdba153df5e53183e0,"
"8bdb662843c1f4b120fb4c25a5636008085900cdf9947b1dadb9b672ea6134dc,"
"c584d1000591efa391386264e0d43ec35f4dbb146cad9390f73358d9c84ee78d,"
"68d793940c28ddff6670be703690dfdf9e77315970c42c4af40ca7261a8570fa,"
"c830cde8f929c35dad42cbdb6b28447df69ceffe99937bf420d32424df4d076a,"
"6ae3b0cb657e051f97835a6432c2b0f50a651b36b6d4af395bbe9060bb4ef4b2,"
"535e19bf14d8c76ec00a7e8490287ca2e2597cae2de5b8f1f65eb81ef1c2a4c6,"
